<?xml version="1.0"?>
<application xmlns:xsi="http://www.w3.org/2001/XMLSchema-instance" xsi:noNamespaceSchemaLocation="http://www.m-files.com/schemas/appdef.xsd">
  <guid>1BCE76A7-56ED-4899-87DD-629809D6F105</guid>
  <!-- // 1BCE76A7-56ED-4899-87DD-629809D6F101 -->
  <name>Agile Project Management Tool</name>
  <version>1.3</version>
  <description>Demola Project for M-Files Agile Project Management</description>
  <publisher>M-Files Corporation</publisher>
  <copyright>(c) M-Files Corporation</copyright>
  <required-mfiles-version>10.0.3911.0</required-mfiles-version>
  <optional>false</optional>
  <modules>
    <module environment="shellui" event-priority="2147483647">
      <file>main.js</file>
    </module>
  </modules>
  <dashboards>
    <dashboard id="planner">
      <content>planner.html</content>
    </dashboard>
   </dashboards>
</application>
