[{"InternalId":8,"NameOrTitle":"PROSPECTS: Cloud Vault 2017.1 and later","Description":null,"BacklogType":2,"StartDate":"2017-01-01T00:00:00","EndDate":"2017-03-31T00:00:00","Order":1,"Collapsed":true,"Selected":false},{"InternalId":44,"NameOrTitle":"PROSPECTS: APIs","Description":null,"BacklogType":2,"StartDate":"2016-10-01T00:00:00","EndDate":"2017-09-27T00:00:00","Order":2,"Collapsed":true,"Selected":false},{"InternalId":39,"NameOrTitle":"PROSPECTS: Web","Description":null,"BacklogType":2,"StartDate":"2017-07-01T00:00:00","EndDate":"2017-09-30T00:00:00","Order":3,"Collapsed":true,"Selected":false},{"InternalId":14,"NameOrTitle":"PROSPECTS: Cloud Vault 2017","Description":null,"BacklogType":2,"StartDate":"2017-01-01T00:00:00","EndDate":"2017-12-31T00:00:00","Order":4,"Collapsed":true,"Selected":false},{"InternalId":23,"NameOrTitle":"PROSPECTS: M-Files 2015.3","Description":null,"BacklogType":2,"StartDate":"2020-01-01T00:00:00","EndDate":"2020-12-31T00:00:00","Order":5,"Collapsed":true,"Selected":false},{"InternalId":26,"NameOrTitle":"PROSPECTS: Web - vNext","Description":null,"BacklogType":2,"StartDate":"2017-04-01T00:00:00","EndDate":"2017-06-30T00:00:00","Order":6,"Collapsed":true,"Selected":false},{"InternalId":42,"NameOrTitle":"PROSPECTS: M-Files 2017","Description":null,"BacklogType":2,"StartDate":"2017-04-01T00:00:00","EndDate":"2017-10-17T00:00:00","Order":7,"Collapsed":true,"Selected":false},{"InternalId":36,"NameOrTitle":"Android Q2/2016","Description":null,"BacklogType":1,"StartDate":"2016-10-01T00:00:00","EndDate":"2016-12-31T00:00:00","Order":8,"Collapsed":true,"Selected":false},{"InternalId":53,"NameOrTitle":"Android Q3/2016","Description":null,"BacklogType":1,"StartDate":"2016-10-01T00:00:00","EndDate":"2016-12-31T00:00:00","Order":9,"Collapsed":true,"Selected":false},{"InternalId":5,"NameOrTitle":"Cloud Vault 3.5","Description":null,"BacklogType":1,"StartDate":"2020-01-01T00:00:00","EndDate":"2020-12-31T00:00:00","Order":10,"Collapsed":true,"Selected":false},{"InternalId":4,"NameOrTitle":"M-Files Service releases 2015","Description":null,"BacklogType":1,"StartDate":"2020-03-01T00:00:00","EndDate":"2020-09-30T00:00:00","Order":11,"Collapsed":true,"Selected":false},{"InternalId":46,"NameOrTitle":"Android Q1/2016","Description":null,"BacklogType":1,"StartDate":"2016-10-01T00:00:00","EndDate":"2016-12-31T00:00:00","Order":12,"Collapsed":true,"Selected":false},{"InternalId":7,"NameOrTitle":"APIs 2015.3","Description":null,"BacklogType":1,"StartDate":"2016-11-01T00:00:00","EndDate":"2017-03-31T00:00:00","Order":13,"Collapsed":true,"Selected":false},{"InternalId":6,"NameOrTitle":"Sprint 21/2015","Description":null,"BacklogType":1,"StartDate":"2020-01-01T00:00:00","EndDate":"2020-12-31T00:00:00","Order":14,"Collapsed":true,"Selected":false},{"InternalId":37,"NameOrTitle":"Compliance Kit 2015.3","Description":null,"BacklogType":1,"StartDate":"2017-01-01T00:00:00","EndDate":"2017-12-31T00:00:00","Order":15,"Collapsed":true,"Selected":false},{"InternalId":43,"NameOrTitle":"APIs 2015.2","Description":null,"BacklogType":1,"StartDate":"2016-11-18T00:00:00","EndDate":"2017-04-28T00:00:00","Order":16,"Collapsed":true,"Selected":false},{"InternalId":51,"NameOrTitle":"Cloud Vault 2015.2","Description":null,"BacklogType":1,"StartDate":"2017-01-02T00:00:00","EndDate":"2017-12-30T00:00:00","Order":17,"Collapsed":true,"Selected":false},{"InternalId":10,"NameOrTitle":"Cloud Vault 2015.3","Description":null,"BacklogType":1,"StartDate":"2017-02-06T00:00:00","EndDate":"2017-08-31T00:00:00","Order":18,"Collapsed":true,"Selected":false},{"InternalId":9,"NameOrTitle":"M-Files 2017","Description":null,"BacklogType":1,"StartDate":"2017-04-01T00:00:00","EndDate":"2017-06-30T00:00:00","Order":19,"Collapsed":true,"Selected":false},{"InternalId":30,"NameOrTitle":"New Features to M-Files 2017","Description":null,"BacklogType":1,"StartDate":"2017-02-28T00:00:00","EndDate":"2017-12-31T00:00:00","Order":20,"Collapsed":true,"Selected":false},{"InternalId":45,"NameOrTitle":"Android Q4/2015","Description":null,"BacklogType":1,"StartDate":"2016-10-01T00:00:00","EndDate":"2017-03-31T00:00:00","Order":21,"Collapsed":true,"Selected":false},{"InternalId":47,"NameOrTitle":"Release 11.0 Core Features","Description":null,"BacklogType":1,"StartDate":"2020-01-01T00:00:00","EndDate":"2020-12-31T00:00:00","Order":22,"Collapsed":true,"Selected":false},{"InternalId":11,"NameOrTitle":"Android Mobile Access, Q1/2015","Description":null,"BacklogType":1,"StartDate":"2020-01-01T00:00:00","EndDate":"2020-12-31T00:00:00","Order":23,"Collapsed":true,"Selected":false},{"InternalId":12,"NameOrTitle":"Web 2017","Description":null,"BacklogType":1,"StartDate":"2017-07-01T00:00:00","EndDate":"2017-09-30T00:00:00","Order":24,"Collapsed":true,"Selected":false},{"InternalId":29,"NameOrTitle":"CTO Office year 2017","Description":null,"BacklogType":1,"StartDate":"2050-01-01T00:00:00","EndDate":"2050-12-31T00:00:00","Order":25,"Collapsed":true,"Selected":false},{"InternalId":15,"NameOrTitle":"IML 2017 release","Description":null,"BacklogType":1,"StartDate":"2020-01-01T00:00:00","EndDate":"2020-12-31T00:00:00","Order":26,"Collapsed":true,"Selected":false},{"InternalId":13,"NameOrTitle":"Windows Phone Mobile Access, Q1/2015","Description":null,"BacklogType":1,"StartDate":"2020-01-01T00:00:00","EndDate":"2020-12-31T00:00:00","Order":27,"Collapsed":true,"Selected":false},{"InternalId":33,"NameOrTitle":"Web 2015.3","Description":null,"BacklogType":1,"StartDate":"2019-12-31T00:00:00","EndDate":"2020-09-30T00:00:00","Order":28,"Collapsed":true,"Selected":false},{"InternalId":40,"NameOrTitle":"Compliance Kit 2015.2 - duplicate","Description":null,"BacklogType":1,"StartDate":"2020-01-01T00:00:00","EndDate":"2020-12-31T00:00:00","Order":29,"Collapsed":true,"Selected":false},{"InternalId":48,"NameOrTitle":"Compliance Kit 2015.2","Description":null,"BacklogType":1,"StartDate":"2017-01-01T00:00:00","EndDate":"2017-03-31T00:00:00","Order":30,"Collapsed":true,"Selected":false},{"InternalId":16,"NameOrTitle":"Compliance Kit 2015.1","Description":null,"BacklogType":1,"StartDate":"2020-01-01T00:00:00","EndDate":"2020-12-31T00:00:00","Order":31,"Collapsed":true,"Selected":false},{"InternalId":19,"NameOrTitle":"Android Q4/2016","Description":null,"BacklogType":1,"StartDate":"2016-09-01T00:00:00","EndDate":"2017-03-31T00:00:00","Order":32,"Collapsed":true,"Selected":false},{"InternalId":17,"NameOrTitle":"IML 2017 pre-release","Description":null,"BacklogType":1,"StartDate":"2020-01-01T00:00:00","EndDate":"2020-12-31T00:00:00","Order":33,"Collapsed":true,"Selected":false},{"InternalId":18,"NameOrTitle":"Compliance Kit 2017","Description":null,"BacklogType":1,"StartDate":"2016-12-16T00:00:00","EndDate":"2017-12-31T00:00:00","Order":34,"Collapsed":true,"Selected":false},{"InternalId":31,"NameOrTitle":"Cloud Vault 2015.1","Description":null,"BacklogType":1,"StartDate":"2020-01-01T00:00:00","EndDate":"2020-12-31T00:00:00","Order":35,"Collapsed":true,"Selected":false},{"InternalId":34,"NameOrTitle":"APIs year 2017","Description":null,"BacklogType":1,"StartDate":"2016-10-17T00:00:00","EndDate":"2017-03-31T00:00:00","Order":36,"Collapsed":true,"Selected":false},{"InternalId":35,"NameOrTitle":"M-Files 2015.1","Description":null,"BacklogType":1,"StartDate":"2020-01-01T00:00:00","EndDate":"2020-12-31T00:00:00","Order":37,"Collapsed":true,"Selected":false},{"InternalId":41,"NameOrTitle":"iOS Mobile Access, Q1/2015","Description":null,"BacklogType":1,"StartDate":"2020-01-01T00:00:00","EndDate":"2020-12-31T00:00:00","Order":38,"Collapsed":true,"Selected":false},{"InternalId":52,"NameOrTitle":"Web 2015.2","Description":null,"BacklogType":1,"StartDate":"2020-10-01T00:00:00","EndDate":"2020-12-31T00:00:00","Order":39,"Collapsed":true,"Selected":false},{"InternalId":22,"NameOrTitle":"Android Q1/2017","Description":null,"BacklogType":1,"StartDate":"2016-07-01T00:00:00","EndDate":"2016-09-23T00:00:00","Order":40,"Collapsed":true,"Selected":false},{"InternalId":21,"NameOrTitle":"IML prospects","Description":null,"BacklogType":1,"StartDate":"2020-01-01T00:00:00","EndDate":"2020-12-31T00:00:00","Order":41,"Collapsed":true,"Selected":false},{"InternalId":20,"NameOrTitle":"Cloud Vault 2017","Description":null,"BacklogType":1,"StartDate":"2017-01-02T00:00:00","EndDate":"2017-06-30T00:00:00","Order":42,"Collapsed":true,"Selected":false},{"InternalId":49,"NameOrTitle":"M-Files 2015.3","Description":null,"BacklogType":1,"StartDate":"2020-01-01T00:00:00","EndDate":"2020-12-31T00:00:00","Order":43,"Collapsed":true,"Selected":false},{"InternalId":24,"NameOrTitle":"M-Files Service releases 2016","Description":null,"BacklogType":1,"StartDate":"2020-06-01T00:00:00","EndDate":"2021-06-01T00:00:00","Order":44,"Collapsed":true,"Selected":false},{"InternalId":25,"NameOrTitle":"Web 2015.1","Description":null,"BacklogType":1,"StartDate":"2020-01-01T00:00:00","EndDate":"2020-12-31T00:00:00","Order":45,"Collapsed":true,"Selected":false},{"InternalId":32,"NameOrTitle":"M-Files Service releases 2017","Description":null,"BacklogType":1,"StartDate":"2050-01-01T00:00:00","EndDate":"2050-12-31T00:00:00","Order":46,"Collapsed":true,"Selected":false},{"InternalId":38,"NameOrTitle":"M-Files 2015.2","Description":null,"BacklogType":1,"StartDate":"2050-01-01T00:00:00","EndDate":"2050-12-31T00:00:00","Order":47,"Collapsed":true,"Selected":false},{"InternalId":28,"NameOrTitle":"Web Access 11.0","Description":null,"BacklogType":1,"StartDate":"2020-01-01T00:00:00","EndDate":"2020-12-31T00:00:00","Order":48,"Collapsed":true,"Selected":false},{"InternalId":27,"NameOrTitle":"Abbott","Description":null,"BacklogType":1,"StartDate":"2020-01-01T00:00:00","EndDate":"2020-12-31T00:00:00","Order":49,"Collapsed":true,"Selected":false},{"InternalId":50,"NameOrTitle":"vNext year 2017","Description":null,"BacklogType":1,"StartDate":"2017-05-01T00:00:00","EndDate":"2017-11-10T00:00:00","Order":50,"Collapsed":true,"Selected":false}]